2200407,程娟,女,高二_4,1,0,吴建平,2022-09-10 15:30:41
2201106,苏冬梅,女,高二_11,0,1,葛丽丽,2022-09-10 15:30:41
2112046,徐坤,男,高一_20,0,1,何建国,2022-09-10 15:30:41
2200632,满琳,女,高二_6,0,1,孔亮,2022-09-10 15:30:41
2110450,张明,男,高一_4,0,0,朱红,2022-09-10 15:30:41
2211606,方玉华,男,高二_16,0,1,李志强,2022-09-10 15:30:41
2301008,程荣,女,高三_10,1,1,袁丽娟,2022-09-10 15:30:41
2300605,郑华,女,高三_6,0,1,陈静,2022-09-10 15:30:41
2201743,马春梅,女,高二_17,0,1,赵兰英,2022-09-10 15:30:41
2312622,黄俊,男,高三_26,0,1,詹琳,2022-09-10 15:30:41
2310939,刘建平,男,高三_9,0,1,张玉珍,2022-09-10 15:30:41
2210842,王洋,男,高二_8,1,1,陆云,2022-09-10 15:30:41
2110434,林秀兰,男,高一_4,1,0,李娜,2022-09-10 15:30:41
2101124,陈涛,女,高一_11,1,1,毕淑华,2022-09-10 15:30:41
2312324,范建,男,高三_23,1,0,徐阳,2022-09-10 15:30:41
2301713,郭桂英,女,高三_17,1,0,王柳,2022-09-10 15:30:41
2310809,林淑英,男,高三_8,0,0,敬莹,2022-09-10 15:30:41
2302329,耿军,女,高三_23,0,0,孙淑英,2022-09-10 15:30:41
2100518,诸萍,女,高一_5,1,0,宋萍,2022-09-10 15:30:41
2100545,刘琴,女,高一_5,0,1,郑云,2022-09-10 15:30:41
2110848,刘霞,男,高一_8,0,1,李岩,2022-09-10 15:30:41
2311942,寇建,男,高三_19,1,1,敖玉珍,2022-09-10 15:30:41
2300226,傅丽娟,女,高三_2,0,1,管文,2022-09-10 15:30:41
2210909,樊春梅,男,高二_9,1,0,刘云,2022-09-10 15:30:41
2210920,张秀云,男,高二_9,1,1,黄霞,2022-09-10 15:30:41
2310941,邵志强,男,高三_9,1,1,彭云,2022-09-10 15:30:41
2100547,吴平,女,高一_5,0,0,沈刚,2022-09-10 15:30:41
2210237,杨志强,男,高二_2,1,1,卓鑫,2022-09-10 15:30:41
2110234,王军,男,高一_2,0,0,尹颖,2022-09-10 15:30:41
2111432,程兵,男,高一_14,1,1,张玉梅,2022-09-10 15:30:41
2311602,石秀芳,男,高三_16,1,0,柏玉华,2022-09-10 15:30:41
2211604,陈刚,男,高二_16,0,1,张建,2022-09-10 15:30:41
2210209,薛军,男,高二_2,0,0,赵玉梅,2022-09-10 15:30:41
2110930,冯秀荣,男,高一_9,1,1,霍娟,2022-09-10 15:30:41
2310916,张丽娟,男,高三_9,1,0,黄瑜,2022-09-10 15:30:41
2201327,王淑珍,女,高二_13,0,1,陈梅,2022-09-10 15:30:41
2302335,陈玉兰,女,高三_23,1,0,尹岩,2022-09-10 15:30:41
2111811,沈艳,男,高一_18,0,1,林玉华,2022-09-10 15:30:41
2311508,吴玉华,男,高三_15,1,0,梅淑英,2022-09-10 15:30:41
2200943,冯红霞,女,高二_9,1,1,牛明,2022-09-10 15:30:41
2210347,郑志强,男,高二_3,1,1,冯玉,2022-09-10 15:30:41
2311831,程英,男,高三_18,0,1,张亮,2022-09-10 15:30:41
2301728,杨佳,女,高三_17,1,1,冯淑华,2022-09-10 15:30:41
2210307,陈桂芝,男,高二_3,1,1,文秀华,2022-09-10 15:30:41
2302144,祝桂英,女,高三_21,1,1,罗琴,2022-09-10 15:30:41
2312319,李秀荣,男,高三_23,1,1,孙玉华,2022-09-10 15:30:41
2310428,白桂芝,男,高三_4,1,1,周桂芝,2022-09-10 15:30:41
2111133,王淑珍,男,高一_11,1,0,李志强,2022-09-10 15:30:41
2310713,吴建军,男,高三_7,0,0,王婷婷,2022-09-10 15:30:41
2212510,潘楠,男,高二_25,0,0,韩坤,2022-09-10 15:30:41
2112028,黄建华,男,高一_20,0,1,梁凤英,2022-09-10 15:30:41
2210843,黄建华,男,高二_8,0,1,蔡强,2022-09-10 15:30:41
2101302,黄浩,女,高一_13,1,1,雷鑫,2022-09-10 15:30:41
2212530,王涛,男,高二_25,1,0,许小红,2022-09-10 15:30:41
2110423,陈东,男,高一_4,0,0,吴桂花,2022-09-10 15:30:41
2210536,廖雪梅,男,高二_5,1,0,丁玉兰,2022-09-10 15:30:41
2210821,方芳,男,高二_8,1,1,梁莹,2022-09-10 15:30:41
2101124,李博,女,高一_11,0,1,王静,2022-09-10 15:30:41
2211040,高玉华,男,高二_10,0,0,陈凯,2022-09-10 15:30:41
2111243,贾丽娟,男,高一_12,0,1,田健,2022-09-10 15:30:41
2210209,王斌,男,高二_2,1,0,高倩,2022-09-10 15:30:41
2200940,王淑英,女,高二_9,0,1,陈兰英,2022-09-10 15:30:41
2101940,成雪梅,女,高一_19,1,0,吴瑞,2022-09-10 15:30:41
2300939,吴颖,女,高三_9,1,0,苏倩,2022-09-10 15:30:41
2212208,李欢,男,高二_22,0,1,王明,2022-09-10 15:30:41
2101036,曹兰英,女,高一_10,0,1,邓秀华,2022-09-10 15:30:41
2111935,杨淑兰,男,高一_19,0,1,王波,2022-09-10 15:30:41
2301110,卜洋,女,高三_11,1,0,陈秀梅,2022-09-10 15:30:41
2300512,黄秀云,女,高三_5,1,1,左阳,2022-09-10 15:30:41
2300242,韩桂英,女,高三_2,1,1,沙桂英,2022-09-10 15:30:41
2201524,张军,女,高二_15,1,0,缪萍,2022-09-10 15:30:41
2112502,汪杰,男,高一_25,1,1,龚小红,2022-09-10 15:30:41
2100234,裴淑兰,女,高一_2,1,0,孙坤,2022-09-10 15:30:41
2301301,方玲,女,高三_13,0,1,张凯,2022-09-10 15:30:41
2211421,邓秀云,男,高二_14,1,1,章淑珍,2022-09-10 15:30:41
2100301,孟坤,女,高一_3,0,1,韦柳,2022-09-10 15:30:41
2101118,彭磊,女,高一_11,1,0,郑志强,2022-09-10 15:30:41
2312317,朱燕,男,高三_23,1,0,郭云,2022-09-10 15:30:41
2312204,王英,男,高三_22,1,0,宋红,2022-09-10 15:30:41
2111618,蔡楠,男,高一_16,0,0,张丽娟,2022-09-10 15:30:41
2211428,黄强,男,高二_14,0,0,胡芳,2022-09-10 15:30:41
2110111,周飞,男,高一_1,1,0,李红梅,2022-09-10 15:30:41
2300714,车丽华,女,高三_7,0,1,李晶,2022-09-10 15:30:41
2300439,杜岩,女,高三_4,0,1,陆涛,2022-09-10 15:30:41
2212625,郭鹏,男,高二_26,0,0,雷楠,2022-09-10 15:30:41
2201338,张芳,女,高二_13,0,1,孙桂香,2022-09-10 15:30:41
2100103,宋建平,女,高一_1,0,1,叶倩,2022-09-10 15:30:41
2301146,徐旭,女,高三_11,0,0,徐静,2022-09-10 15:30:41
2111350,宋建,男,高一_13,1,0,石磊,2022-09-10 15:30:41
2112528,刘鑫,男,高一_25,1,1,盛雪,2022-09-10 15:30:41
2310916,胡玉,男,高三_9,0,1,朱凤兰,2022-09-10 15:30:41
2202202,李桂芳,女,高二_22,1,0,刘浩,2022-09-10 15:30:41
2212328,刘杰,男,高二_23,1,1,袁淑华,2022-09-10 15:30:41
2100509,班英,女,高一_5,1,1,许慧,2022-09-10 15:30:41
2310332,邱琳,男,高三_3,1,1,周桂英,2022-09-10 15:30:41
2200443,朱建国,女,高二_4,0,0,张淑兰,2022-09-10 15:30:41
2200823,曹娜,女,高二_8,0,1,苑凤兰,2022-09-10 15:30:41
2111845,夏丽娟,男,高一_18,1,0,王成,2022-09-10 15:30:41
2101402,李波,女,高一_14,0,1,李秀云,2022-09-10 15:30:41
2101914,陈强,女,高一_19,1,0,谭建,2022-09-10 15:30:41
2201117,李博,女,高二_11,1,1,胡红霞,2022-09-10 15:30:41
2311104,刘军,男,高三_11,0,1,林静,2022-09-10 15:30:41
2102149,郭桂芝,女,高一_21,1,1,翟丽丽,2022-09-10 15:30:41
2200825,黄芳,女,高二_8,1,0,聂刚,2022-09-10 15:30:41
2200717,廖雪,女,高二_7,0,1,兰杰,2022-09-10 15:30:41
2301935,陈艳,女,高三_19,1,0,文玉英,2022-09-10 15:30:41
2201010,冯洋,女,高二_10,1,0,陈玉英,2022-09-10 15:30:41
2311205,杨秀荣,男,高三_12,1,0,莫娜,2022-09-10 15:30:41
2101334,郭桂花,女,高一_13,0,1,王秀兰,2022-09-10 15:30:41
2311910,刘明,男,高三_19,1,1,翟英,2022-09-10 15:30:41
2300814,张阳,女,高三_8,1,1,李飞,2022-09-10 15:30:41
2311032,王玲,男,高三_10,1,0,刘玉兰,2022-09-10 15:30:41
2312436,陈金凤,男,高三_24,1,1,邓梅,2022-09-10 15:30:41
2112344,梁刚,男,高一_23,1,0,马秀珍,2022-09-10 15:30:41
2111538,高华,男,高一_15,0,0,吕倩,2022-09-10 15:30:41
2312116,高峰,男,高三_21,0,0,王坤,2022-09-10 15:30:41
2212234,王斌,男,高二_22,0,0,徐金凤,2022-09-10 15:30:41
2301508,李伟,女,高三_15,0,0,吴东,2022-09-10 15:30:41
2101613,黄红,女,高一_16,1,0,汪秀兰,2022-09-10 15:30:41
2210623,易丽娟,男,高二_6,0,1,陈红,2022-09-10 15:30:41
2310611,游欣,男,高三_6,1,0,王柳,2022-09-10 15:30:41
2110440,刘璐,男,高一_4,0,1,徐彬,2022-09-10 15:30:41
2300734,张秀华,女,高三_7,1,1,张丹丹,2022-09-10 15:30:41
2100410,孔磊,女,高一_4,0,0,赵畅,2022-09-10 15:30:41
2212604,龙秀梅,男,高二_26,0,1,周冬梅,2022-09-10 15:30:41
2110449,刘春梅,男,高一_4,1,1,陈娟,2022-09-10 15:30:41
2111028,曹龙,男,高一_10,1,0,卢玲,2022-09-10 15:30:41
2201728,高波,女,高二_17,0,0,刘鹏,2022-09-10 15:30:41
2311309,洪强,男,高三_13,0,1,蒋欢,2022-09-10 15:30:41
2111844,陈勇,男,高一_18,0,0,何颖,2022-09-10 15:30:41
2300443,王萍,女,高三_4,0,0,程东,2022-09-10 15:30:41
2200829,李淑英,女,高二_8,0,1,贾霞,2022-09-10 15:30:41
2311744,邹丹,男,高三_17,1,1,韦海燕,2022-09-10 15:30:41
2210532,蔡玲,男,高二_5,1,1,丁桂兰,2022-09-10 15:30:41
2111026,冯霞,男,高一_10,0,0,朱桂芝,2022-09-10 15:30:41
2100419,王秀荣,女,高一_4,0,0,尹宁,2022-09-10 15:30:41
2212532,刘勇,男,高二_25,0,0,王秀英,2022-09-10 15:30:41
2211149,余宁,男,高二_11,1,0,谢敏,2022-09-10 15:30:41
2102046,陈玉梅,女,高一_20,1,1,王畅,2022-09-10 15:30:41
2212341,张欢,男,高二_23,0,1,孔红梅,2022-09-10 15:30:41
2111007,赵丽娟,男,高一_10,0,0,韦莉,2022-09-10 15:30:41
2112643,李晶,男,高一_26,0,1,田丽,2022-09-10 15:30:41
2100208,卢玲,女,高一_2,0,0,刘磊,2022-09-10 15:30:41
2101933,叶辉,女,高一_19,0,1,孙琴,2022-09-10 15:30:41
2112132,姚金凤,男,高一_21,1,0,王荣,2022-09-10 15:30:41
2210423,陈鹏,男,高二_4,0,0,魏林,2022-09-10 15:30:41
2100813,乔凤英,女,高一_8,1,1,徐志强,2022-09-10 15:30:41
2300523,孙波,女,高三_5,1,0,任丽,2022-09-10 15:30:41
2101922,唐桂芳,女,高一_19,1,1,陈洋,2022-09-10 15:30:41
2312024,欧雷,男,高三_20,1,1,罗兵,2022-09-10 15:30:41
2310620,刘淑英,男,高三_6,1,1,王俊,2022-09-10 15:30:41
2300226,姚萍,女,高三_2,0,1,王欢,2022-09-10 15:30:41
2210246,刘博,男,高二_2,1,1,夏帅,2022-09-10 15:30:41
2210740,宋秀芳,男,高二_7,1,0,王浩,2022-09-10 15:30:41
2201309,陈秀芳,女,高二_13,1,1,徐淑英,2022-09-10 15:30:41
2200632,蔡涛,女,高二_6,1,0,李浩,2022-09-10 15:30:41
2311231,张莉,男,高三_12,1,0,徐秀云,2022-09-10 15:30:41
2312630,丁鑫,男,高三_26,1,1,罗淑珍,2022-09-10 15:30:41
2212529,王丽丽,男,高二_25,1,0,杨洋,2022-09-10 15:30:41
2201304,杨坤,女,高二_13,0,1,刘霞,2022-09-10 15:30:41
2100839,李兰英,女,高一_8,0,0,王萍,2022-09-10 15:30:41
2310817,倪欣,男,高三_8,1,1,徐桂花,2022-09-10 15:30:41
2100718,蒋涛,女,高一_7,1,1,何阳,2022-09-10 15:30:41
2312131,陆云,男,高三_21,1,1,王晶,2022-09-10 15:30:41
2301532,姜玉兰,女,高三_15,1,0,阎鑫,2022-09-10 15:30:41
2212610,李婷,男,高二_26,0,1,贾佳,2022-09-10 15:30:41
2212111,张雪梅,男,高二_21,0,0,戴秀英,2022-09-10 15:30:41
2210337,李彬,男,高二_3,0,1,张金凤,2022-09-10 15:30:41
2300205,刘玉英,女,高三_2,0,0,王琴,2022-09-10 15:30:41
2210821,姜军,男,高二_8,1,0,彭芳,2022-09-10 15:30:41
2301316,赵莹,女,高三_13,1,1,薛杨,2022-09-10 15:30:41
2301740,陈明,女,高三_17,0,1,金梅,2022-09-10 15:30:41
2300915,蒋坤,女,高三_9,1,0,周斌,2022-09-10 15:30:41
2302111,李建国,女,高三_21,0,0,李华,2022-09-10 15:30:41
2311439,曾凯,男,高三_14,1,1,黄秀英,2022-09-10 15:30:41
2112101,魏勇,男,高一_21,1,1,毛秀华,2022-09-10 15:30:41
2111532,邱晶,男,高一_15,1,1,王超,2022-09-10 15:30:41
2111414,王鹏,男,高一_14,0,1,马瑞,2022-09-10 15:30:41
2200634,万楠,女,高二_6,1,0,李柳,2022-09-10 15:30:41
2310817,杨帅,男,高三_8,1,0,刘丽娟,2022-09-10 15:30:41
2302530,王欢,女,高三_25,0,1,谭淑珍,2022-09-10 15:30:41
2102032,李玉珍,女,高一_20,1,0,周辉,2022-09-10 15:30:41
2202233,卜秀珍,女,高二_22,0,1,曹波,2022-09-10 15:30:41
2302403,池建,女,高三_24,0,1,仲艳,2022-09-10 15:30:41
2101123,单博,女,高一_11,0,0,朱岩,2022-09-10 15:30:41
2101623,贾斌,女,高一_16,0,0,陈斌,2022-09-10 15:30:41
2102035,周畅,女,高一_20,0,1,尹海燕,2022-09-10 15:30:41
2101424,王凤兰,女,高一_14,1,0,谢伟,2022-09-10 15:30:41
2312646,王玉英,男,高三_26,0,1,祝兵,2022-09-10 15:30:41
2310245,朱洁,男,高三_2,1,0,陈莹,2022-09-10 15:30:41
2201328,张丽华,女,高二_13,0,0,陈兵,2022-09-10 15:30:41
2211022,赵桂荣,男,高二_10,0,1,耿凤兰,2022-09-10 15:30:41
2202214,任秀芳,女,高二_22,1,0,李洋,2022-09-10 15:30:41
2211337,宋冬梅,男,高二_13,0,0,刘军,2022-09-10 15:30:41
2301613,韩帅,女,高三_16,1,0,李彬,2022-09-10 15:30:41
2210124,张浩,男,高二_1,0,0,孙云,2022-09-10 15:30:41
2201349,陈宁,女,高二_13,1,1,孙丽,2022-09-10 15:30:41
2202041,刘明,女,高二_20,0,1,王桂珍,2022-09-10 15:30:41
2301930,黄淑华,女,高三_19,1,0,冉强,2022-09-10 15:30:41
2311224,孙敏,男,高三_12,0,0,蔡莉,2022-09-10 15:30:41
2311548,邱成,男,高三_15,0,0,李帆,2022-09-10 15:30:41
2211430,罗瑞,男,高二_14,0,0,黄帅,2022-09-10 15:30:41
2101228,辛建平,女,高一_12,0,0,李海燕,2022-09-10 15:30:41
2201005,邱海燕,女,高二_10,1,1,崔艳,2022-09-10 15:30:41
2102131,李楠,女,高一_21,0,0,卢坤,2022-09-10 15:30:41
2112032,杨亮,男,高一_20,0,0,萧玉英,2022-09-10 15:30:41
2301335,王桂芳,女,高三_13,0,1,张倩,2022-09-10 15:30:41
2200839,白淑兰,女,高二_8,1,0,张利,2022-09-10 15:30:41
2100817,王柳,女,高一_8,0,0,陈宁,2022-09-10 15:30:41
2301339,黄欣,女,高三_13,1,1,郑红,2022-09-10 15:30:41
2100630,熊峰,女,高一_6,1,0,吕建国,2022-09-10 15:30:41
2100320,郭建军,女,高一_3,1,0,卢旭,2022-09-10 15:30:41
2201543,刘想,女,高二_15,1,0,袁艳,2022-09-10 15:30:41
2201839,金莉,女,高二_18,1,1,钟兰英,2022-09-10 15:30:41
2311601,唐英,男,高三_16,0,0,李俊,2022-09-10 15:30:41
2200750,林红梅,女,高二_7,0,0,王想,2022-09-10 15:30:41
2200429,杨荣,女,高二_4,1,0,王瑜,2022-09-10 15:30:41
2301812,蒋波,女,高三_18,0,1,吉明,2022-09-10 15:30:41
2202446,安英,女,高二_24,1,0,陈阳,2022-09-10 15:30:41
2111245,郑柳,男,高一_12,1,0,彭平,2022-09-10 15:30:41
2100213,孙莉,女,高一_2,1,1,卞秀云,2022-09-10 15:30:41
2111003,康建,男,高一_10,0,0,姜林,2022-09-10 15:30:41
2200310,赵帅,女,高二_3,0,0,张坤,2022-09-10 15:30:41
2311616,萧霞,男,高三_16,1,1,徐建华,2022-09-10 15:30:41
2301045,刘涛,女,高三_10,0,1,李凤英,2022-09-10 15:30:41
2210711,马璐,男,高二_7,1,1,袁桂兰,2022-09-10 15:30:41
2202039,芦秀珍,女,高二_20,0,1,牟春梅,2022-09-10 15:30:41
2101204,陈超,女,高一_12,1,1,李颖,2022-09-10 15:30:41
2100420,王琳,女,高一_4,0,1,史桂英,2022-09-10 15:30:41
2211436,涂秀荣,男,高二_14,0,0,王建国,2022-09-10 15:30:41
2310145,何玉华,男,高三_1,1,1,蒋秀兰,2022-09-10 15:30:41
2210549,韦春梅,男,高二_5,1,0,韩瑜,2022-09-10 15:30:41
2302637,窦军,女,高三_26,1,0,龙秀英,2022-09-10 15:30:41
2202318,杨莹,女,高二_23,0,1,张建军,2022-09-10 15:30:41
2310722,董娜,男,高三_7,0,1,褚文,2022-09-10 15:30:41
2202417,刘志强,女,高二_24,0,1,乐莉,2022-09-10 15:30:41
2202027,吕桂兰,女,高二_20,1,0,杨敏,2022-09-10 15:30:41
2211901,杜冬梅,男,高二_19,0,1,任桂芳,2022-09-10 15:30:41
2100520,傅云,女,高一_5,1,1,杨颖,2022-09-10 15:30:41
2200912,张英,女,高二_9,1,1,赵建军,2022-09-10 15:30:41
2211548,郑玉华,男,高二_15,1,0,黄玉珍,2022-09-10 15:30:41
2101849,徐坤,女,高一_18,0,0,孙娜,2022-09-10 15:30:41
2100823,刘博,女,高一_8,1,0,段雷,2022-09-10 15:30:41
2111916,吴建国,男,高一_19,0,1,王冬梅,2022-09-10 15:30:41
2100342,崔晶,女,高一_3,1,0,郑桂珍,2022-09-10 15:30:41
2101216,杨玉华,女,高一_12,1,1,高小红,2022-09-10 15:30:41
2202301,叶华,女,高二_23,1,1,黄梅,2022-09-10 15:30:41
2210222,王淑华,男,高二_2,0,0,庄芳,2022-09-10 15:30:41
2200227,周兵,女,高二_2,1,1,冯敏,2022-09-10 15:30:41
2310303,刘桂芳,男,高三_3,1,0,王桂花,2022-09-10 15:30:41
2111139,宗淑珍,男,高一_11,0,0,梁秀芳,2022-09-10 15:30:41
2112028,孙秀兰,男,高一_20,1,0,吴丹丹,2022-09-10 15:30:41
2102321,邱丽娟,女,高一_23,1,1,邓秀华,2022-09-10 15:30:41
2200335,叶杰,女,高二_3,1,0,陈想,2022-09-10 15:30:41
2200701,汪宁,女,高二_7,0,0,王海燕,2022-09-10 15:30:41
2212525,纪彬,男,高二_25,1,1,林颖,2022-09-10 15:30:41
2211439,韦桂荣,男,高二_14,1,0,黄飞,2022-09-10 15:30:41
2100412,张涛,女,高一_4,1,0,吴海燕,2022-09-10 15:30:41
2300544,王秀梅,女,高三_5,1,0,沈亮,2022-09-10 15:30:41
2302322,明丽娟,女,高三_23,0,1,钟文,2022-09-10 15:30:41
2112331,杨浩,男,高一_23,0,1,刘凤兰,2022-09-10 15:30:41
2201045,李晶,女,高二_10,1,1,曾宁,2022-09-10 15:30:41
2110618,陈磊,男,高一_6,0,0,赵宁,2022-09-10 15:30:41
2210935,张桂英,男,高二_9,0,1,李林,2022-09-10 15:30:41
2200533,蔡鑫,女,高二_5,0,0,郑娟,2022-09-10 15:30:41
2311219,黄玉梅,男,高三_12,1,1,苏秀珍,2022-09-10 15:30:41
2112517,张彬,男,高一_25,1,1,吴岩,2022-09-10 15:30:41
2201911,何桂花,女,高二_19,1,0,廖秀芳,2022-09-10 15:30:41
2102346,赖楠,女,高一_23,1,1,何浩,2022-09-10 15:30:41
2310535,季颖,男,高三_5,0,1,夏军,2022-09-10 15:30:41
2311701,曹华,男,高三_17,1,1,张倩,2022-09-10 15:30:41
2112235,刘东,男,高一_22,1,1,李坤,2022-09-10 15:30:41
2312141,刘莹,男,高三_21,0,0,杨宁,2022-09-10 15:30:41
2301849,曾桂花,女,高三_18,1,1,唐淑珍,2022-09-10 15:30:41
2110723,杨静,男,高一_7,0,1,杨建平,2022-09-10 15:30:41
2310432,谢敏,男,高三_4,0,1,商成,2022-09-10 15:30:41
2210404,黄丽,男,高二_4,0,0,王兰英,2022-09-10 15:30:41
2102523,刘斌,女,高一_25,0,1,钟敏,2022-09-10 15:30:41
2200437,岳帆,女,高二_4,0,0,韩红梅,2022-09-10 15:30:41
2101728,潘柳,女,高一_17,1,0,贺娟,2022-09-10 15:30:41
2312250,黄坤,男,高三_22,1,1,邓玉兰,2022-09-10 15:30:41
2312645,王建华,男,高三_26,0,0,刘龙,2022-09-10 15:30:41
2211528,卢桂香,男,高二_15,0,0,艾林,2022-09-10 15:30:41
2110621,何鑫,男,高一_6,1,1,张丽娟,2022-09-10 15:30:41
2300245,苗艳,女,高三_2,1,1,刘龙,2022-09-10 15:30:41
2311706,刘金凤,男,高三_17,1,1,熊玉英,2022-09-10 15:30:41
2300630,黄柳,女,高三_6,0,0,王晶,2022-09-10 15:30:41
2311133,朱军,男,高三_11,0,0,蒲磊,2022-09-10 15:30:41
2202112,孟兵,女,高二_21,0,1,景志强,2022-09-10 15:30:41
2212428,钟涛,男,高二_24,1,1,李强,2022-09-10 15:30:41
2201944,林玉兰,女,高二_19,0,0,周浩,2022-09-10 15:30:41
2101017,张峰,女,高一_10,1,1,彭雪,2022-09-10 15:30:41
2112648,何华,男,高一_26,1,1,董斌,2022-09-10 15:30:41
2310337,李玉兰,男,高三_3,1,1,高云,2022-09-10 15:30:41
2111032,杨桂芝,男,高一_10,0,1,田宁,2022-09-10 15:30:41
2200205,陈波,女,高二_2,0,1,周秀荣,2022-09-10 15:30:41
2100342,张英,女,高一_3,0,1,何艳,2022-09-10 15:30:41
2311103,郎敏,男,高三_11,1,1,蓝斌,2022-09-10 15:30:41
2212414,刘琴,男,高二_24,1,0,常玉兰,2022-09-10 15:30:41
2302145,刘秀芳,女,高三_21,0,1,曾峰,2022-09-10 15:30:41
2300340,朱红,女,高三_3,0,0,韦想,2022-09-10 15:30:41
2300134,范梅,女,高三_1,1,1,李淑兰,2022-09-10 15:30:41
2312149,覃丽,男,高三_21,0,1,李金凤,2022-09-10 15:30:41
2302206,王丽丽,女,高三_22,1,1,梁秀华,2022-09-10 15:30:41
2310803,杨红梅,男,高三_8,1,1,李琴,2022-09-10 15:30:41
2111816,蔡建军,男,高一_18,1,1,王波,2022-09-10 15:30:41
2100242,李超,女,高一_2,1,1,温桂花,2022-09-10 15:30:41
2200826,陈桂兰,女,高二_8,0,1,耿瑞,2022-09-10 15:30:41
2200421,孙峰,女,高二_4,0,1,张琴,2022-09-10 15:30:41
2300446,蒋淑华,女,高三_4,1,1,张霞,2022-09-10 15:30:41
2102123,刘秀芳,女,高一_21,0,1,潘洋,2022-09-10 15:30:41
2210838,黎辉,男,高二_8,1,1,李明,2022-09-10 15:30:41
2302112,宋玉华,女,高三_21,1,0,赵芳,2022-09-10 15:30:41
2210335,张慧,男,高二_3,1,0,曾红,2022-09-10 15:30:41
2112616,汪林,男,高一_26,0,1,刘桂香,2022-09-10 15:30:41
2300408,李勇,女,高三_4,0,0,杨伟,2022-09-10 15:30:41
2301605,覃建国,女,高三_16,0,0,文淑兰,2022-09-10 15:30:41
2111728,陈林,男,高一_17,0,1,徐俊,2022-09-10 15:30:41
2312046,沈帅,男,高三_20,0,1,傅秀梅,2022-09-10 15:30:41
2201620,邝秀华,女,高二_16,1,0,曹燕,2022-09-10 15:30:41
2111915,陈桂花,男,高一_19,1,1,陈岩,2022-09-10 15:30:41
2300408,胡磊,女,高三_4,0,0,王建华,2022-09-10 15:30:41
2200120,吴利,女,高二_1,0,0,吴杰,2022-09-10 15:30:41
2202013,曹淑英,女,高二_20,1,1,唐宁,2022-09-10 15:30:41
2100905,张晨,女,高一_9,0,0,蒋磊,2022-09-10 15:30:41
2301237,彭莉,女,高三_12,1,1,黄飞,2022-09-10 15:30:41
2101415,陈敏,女,高一_14,1,0,赵慧,2022-09-10 15:30:41
2211810,李云,男,高二_18,0,1,张倩,2022-09-10 15:30:41
2311706,陈莉,男,高三_17,1,0,刘平,2022-09-10 15:30:41
2111037,罗刚,男,高一_10,0,1,董秀荣,2022-09-10 15:30:41
2110750,陈秀芳,男,高一_7,1,1,周建平,2022-09-10 15:30:41
2202007,薛亮,女,高二_20,1,0,王玉,2022-09-10 15:30:41
2110637,李欣,男,高一_6,0,0,赵秀芳,2022-09-10 15:30:41
2301321,吴玉,女,高三_13,0,1,李桂珍,2022-09-10 15:30:41
2311003,唐楠,男,高三_10,1,0,周凤兰,2022-09-10 15:30:41
2111619,高秀荣,男,高一_16,0,0,杜萍,2022-09-10 15:30:41
2102649,李凤兰,女,高一_26,0,1,王红霞,2022-09-10 15:30:41
2100309,王金凤,女,高一_3,0,1,任宁,2022-09-10 15:30:41
2302301,王洁,女,高三_23,1,0,邢兰英,2022-09-10 15:30:41
2212015,罗娟,男,高二_20,1,1,郭瑜,2022-09-10 15:30:41
2301917,祁淑华,女,高三_19,1,1,孙小红,2022-09-10 15:30:41
2200912,张桂英,女,高二_9,1,0,李梅,2022-09-10 15:30:41
2112042,李颖,男,高一_20,1,0,庞帆,2022-09-10 15:30:41
2201727,李强,女,高二_17,1,1,孙军,2022-09-10 15:30:41
2210140,叶帆,男,高二_1,1,1,胡丹,2022-09-10 15:30:41
2110923,何飞,男,高一_9,0,1,武超,2022-09-10 15:30:41
2100424,李峰,女,高一_4,1,1,陈璐,2022-09-10 15:30:41
2100425,马海燕,女,高一_4,1,0,袁强,2022-09-10 15:30:41
2202204,吴博,女,高二_22,1,1,魏颖,2022-09-10 15:30:41
2301346,吴凤兰,女,高三_13,1,0,李丽丽,2022-09-10 15:30:41
2111908,陈博,男,高一_19,0,0,贾玲,2022-09-10 15:30:41
2112637,任辉,男,高一_26,1,1,齐莹,2022-09-10 15:30:41
2202030,董平,女,高二_20,0,0,赵秀梅,2022-09-10 15:30:41
2200304,韩璐,女,高二_3,0,1,王雷,2022-09-10 15:30:41
2200940,吴宇,女,高二_9,1,0,郑秀梅,2022-09-10 15:30:41
2310342,梁超,男,高三_3,0,0,赵霞,2022-09-10 15:30:41
2211740,单丽丽,男,高二_17,0,1,黄林,2022-09-10 15:30:41
2201817,萧慧,女,高二_18,1,0,方英,2022-09-10 15:30:41
2201547,文雪梅,女,高二_15,0,1,王丽华,2022-09-10 15:30:41
2201721,余桂香,女,高二_17,0,0,吴海燕,2022-09-10 15:30:41
2311348,赵建国,男,高三_13,1,0,邱婷,2022-09-10 15:30:41
2101843,颜玉梅,女,高一_18,1,1,谭成,2022-09-10 15:30:41
2312416,蒋帆,男,高三_24,0,0,李娜,2022-09-10 15:30:41
2202042,马欢,女,高二_20,0,0,张艳,2022-09-10 15:30:41
2110812,刘洋,男,高一_8,0,0,王玉,2022-09-10 15:30:41
2311002,高飞,男,高三_10,1,1,邓志强,2022-09-10 15:30:41
2210533,王莹,男,高二_5,1,0,张丹,2022-09-10 15:30:41
2100835,罗欣,女,高一_8,1,1,柯坤,2022-09-10 15:30:41
2312136,郝秀华,男,高三_21,1,1,祁丽,2022-09-10 15:30:41
2300213,萧楠,女,高三_2,1,0,贾建平,2022-09-10 15:30:41
2111424,何东,男,高一_14,1,1,黄伟,2022-09-10 15:30:41
2111835,刘桂荣,男,高一_18,1,1,吉秀梅,2022-09-10 15:30:41
2210129,李凤兰,男,高二_1,0,0,娄坤,2022-09-10 15:30:41
2311048,许明,男,高三_10,0,0,秦楠,2022-09-10 15:30:41
2310421,李岩,男,高三_4,0,1,许莉,2022-09-10 15:30:41
2300705,周洋,女,高三_7,0,1,刘莹,2022-09-10 15:30:41
2102346,刘丹,女,高一_23,1,1,周金凤,2022-09-10 15:30:41
2311010,傅玉华,男,高三_10,0,1,耿林,2022-09-10 15:30:41
2200734,牛荣,女,高二_7,1,1,张兰英,2022-09-10 15:30:41
2311730,苏东,男,高三_17,1,1,刘淑华,2022-09-10 15:30:41
2112012,杨凤兰,男,高一_20,1,0,朱晶,2022-09-10 15:30:41
2211306,高玉英,男,高二_13,0,1,潘彬,2022-09-10 15:30:41
2110235,于红,男,高一_2,1,0,郭楠,2022-09-10 15:30:41
2102308,郭坤,女,高一_23,1,1,韦梅,2022-09-10 15:30:41
2111503,黄红霞,男,高一_15,1,0,雷淑兰,2022-09-10 15:30:41
2201512,米建军,女,高二_15,1,0,杨想,2022-09-10 15:30:41
2102009,陈斌,女,高一_20,0,0,李雷,2022-09-10 15:30:41
2111911,马楠,男,高一_19,0,0,牛林,2022-09-10 15:30:41
2300618,李欣,女,高三_6,1,1,刘云,2022-09-10 15:30:41
2312517,高鑫,男,高三_25,1,1,赵桂香,2022-09-10 15:30:41
2300227,段坤,女,高三_2,1,0,师红梅,2022-09-10 15:30:41
2201039,贾淑兰,女,高二_10,0,1,李芳,2022-09-10 15:30:41
2101019,张莉,女,高一_10,0,1,李丹丹,2022-09-10 15:30:41
2301121,周玉,女,高三_11,0,0,王亮,2022-09-10 15:30:41
2302542,张成,女,高三_25,1,0,韩超,2022-09-10 15:30:41
2102625,吴秀荣,女,高一_26,1,1,潘秀云,2022-09-10 15:30:41
2202350,王建,女,高二_23,1,1,崔东,2022-09-10 15:30:41
2100650,时金凤,女,高一_6,0,0,孔秀梅,2022-09-10 15:30:41
2110549,胡秀兰,男,高一_5,0,1,李雪梅,2022-09-10 15:30:41
2112339,葛红梅,男,高一_23,1,0,黄建华,2022-09-10 15:30:41
2201038,胡琳,女,高二_10,0,0,范佳,2022-09-10 15:30:41
2201411,宋金凤,女,高二_14,0,1,胡阳,2022-09-10 15:30:41
2311910,徐波,男,高三_19,0,0,杨春梅,2022-09-10 15:30:41
2112334,邱彬,男,高一_23,0,1,赵亮,2022-09-10 15:30:41
2110205,阳帅,男,高一_2,0,1,陈静,2022-09-10 15:30:41
2201513,王莹,女,高二_15,0,1,张宇,2022-09-10 15:30:41
2100326,包利,女,高一_3,1,1,许荣,2022-09-10 15:30:41
2312245,王华,男,高三_22,1,0,朱英,2022-09-10 15:30:41
2311727,李燕,男,高三_17,0,0,王琳,2022-09-10 15:30:41
2110335,林金凤,男,高一_3,1,0,蒋佳,2022-09-10 15:30:41
2300449,周柳,女,高三_4,0,1,曹云,2022-09-10 15:30:41
2110546,谢平,男,高一_5,0,1,鞠淑兰,2022-09-10 15:30:41
2101633,赵明,女,高一_16,1,1,祝建国,2022-09-10 15:30:41
2111319,王丽华,男,高一_13,0,0,赵玉,2022-09-10 15:30:41
2202421,关婷婷,女,高二_24,1,1,方娜,2022-09-10 15:30:41
2110701,苏龙,男,高一_7,1,1,张秀华,2022-09-10 15:30:41
2302128,王桂芝,女,高三_21,0,1,张杨,2022-09-10 15:30:41
2311637,王坤,男,高三_16,0,0,陈超,2022-09-10 15:30:41
2302307,管刚,女,高三_23,0,0,郭杰,2022-09-10 15:30:41
2100208,刘娜,女,高一_2,0,1,吴红,2022-09-10 15:30:41
2100728,汪敏,女,高一_7,1,0,陈玉英,2022-09-10 15:30:41
2310142,孙畅,男,高三_1,1,0,沈荣,2022-09-10 15:30:41
2111031,徐敏,男,高一_10,0,0,王秀华,2022-09-10 15:30:41
2300933,赵帆,女,高三_9,1,1,赵兵,2022-09-10 15:30:41
2101644,李婷婷,女,高一_16,1,1,杨帅,2022-09-10 15:30:41
2312213,王雷,男,高三_22,0,1,李淑英,2022-09-10 15:30:41
2311430,华丽,男,高三_14,1,1,李秀珍,2022-09-10 15:30:41
2100214,张桂芳,女,高一_2,0,1,刘晶,2022-09-10 15:30:41
2211029,陈淑兰,男,高二_10,0,1,朱燕,2022-09-10 15:30:41
2100350,邵婷婷,女,高一_3,1,0,陈涛,2022-09-10 15:30:41
2102515,赵鹏,女,高一_25,1,1,王玉兰,2022-09-10 15:30:41
2301114,田彬,女,高三_11,0,0,吴玉,2022-09-10 15:30:41
2211117,周璐,男,高二_11,1,1,赵荣,2022-09-10 15:30:41
2101112,薛帅,女,高一_11,1,0,鲁小红,2022-09-10 15:30:41
2212044,陈文,男,高二_20,1,1,杨玉珍,2022-09-10 15:30:41
2201408,龙楠,女,高二_14,1,0,苏琴,2022-09-10 15:30:41
2301948,刘秀珍,女,高三_19,1,0,贾建平,2022-09-10 15:30:41
2301541,林峰,女,高三_15,1,0,陈明,2022-09-10 15:30:41
2102631,周辉,女,高一_26,0,0,解晨,2022-09-10 15:30:41
2112608,赵勇,男,高一_26,1,0,刘燕,2022-09-10 15:30:41
2310604,谢建,男,高三_6,0,1,黄楠,2022-09-10 15:30:41
2112530,武金凤,男,高一_25,0,0,莫建华,2022-09-10 15:30:41
2200936,宁帆,女,高二_9,1,1,徐淑华,2022-09-10 15:30:41
2310839,杨瑞,男,高三_8,0,1,张丽华,2022-09-10 15:30:41
2300109,梁秀芳,女,高三_1,0,1,蒋欣,2022-09-10 15:30:41
2202147,马丽华,女,高二_21,0,0,李辉,2022-09-10 15:30:41
2112438,封金凤,男,高一_24,0,0,郭宇,2022-09-10 15:30:41
2310532,张桂珍,男,高三_5,1,0,李鑫,2022-09-10 15:30:41
2211609,刘丹,男,高二_16,0,1,戴华,2022-09-10 15:30:41
2311444,罗雪,男,高三_14,0,1,田婷婷,2022-09-10 15:30:41
2312650,曹波,男,高三_26,0,0,章秀芳,2022-09-10 15:30:41
2300838,彭鑫,女,高三_8,1,1,邓利,2022-09-10 15:30:41
2310942,何桂荣,男,高三_9,0,0,张凯,2022-09-10 15:30:41
2100849,王娟,女,高一_8,0,0,李淑兰,2022-09-10 15:30:41
2101320,丁飞,女,高一_13,1,1,刘桂兰,2022-09-10 15:30:41
2100742,唐宇,女,高一_7,0,1,童秀英,2022-09-10 15:30:41
2110130,梅云,男,高一_1,0,0,孙海燕,2022-09-10 15:30:41
2312036,殷淑兰,男,高三_20,1,1,周桂香,2022-09-10 15:30:41
2301924,陈桂香,女,高三_19,0,0,龙健,2022-09-10 15:30:41
2302405,陈博,女,高三_24,1,0,王瑜,2022-09-10 15:30:41
2111229,张红霞,男,高一_12,0,1,王玉梅,2022-09-10 15:30:41
2211641,胡建军,男,高二_16,0,0,孙淑华,2022-09-10 15:30:41
2210309,谢佳,男,高二_3,1,0,王玉珍,2022-09-10 15:30:41
2212244,金梅,男,高二_22,1,0,黄春梅,2022-09-10 15:30:41
2202544,赵欢,女,高二_25,0,1,刘琳,2022-09-10 15:30:41
2301612,曾秀英,女,高三_16,0,0,徐想,2022-09-10 15:30:41
2301922,张宁,女,高三_19,0,0,万兰英,2022-09-10 15:30:41
2301028,冯玉华,女,高三_10,1,0,陈波,2022-09-10 15:30:41
2311436,韦辉,男,高三_14,1,0,王峰,2022-09-10 15:30:41
2311831,秦博,男,高三_18,0,1,蒋雪,2022-09-10 15:30:41
2211719,石燕,男,高二_17,0,1,杜燕,2022-09-10 15:30:41
2301732,王畅,女,高三_17,0,0,巩桂英,2022-09-10 15:30:41
2311249,陈桂珍,男,高三_12,0,1,刘博,2022-09-10 15:30:41
2101515,钟佳,女,高一_15,1,0,孙畅,2022-09-10 15:30:41
2302113,张勇,女,高三_21,0,1,范洁,2022-09-10 15:30:41
2302420,朱婷婷,女,高三_24,0,0,谢淑珍,2022-09-10 15:30:41
2211023,刘桂珍,男,高二_10,0,0,陈岩,2022-09-10 15:30:41
2100610,李阳,女,高一_6,1,0,赵阳,2022-09-10 15:30:41
2110744,刘利,男,高一_7,0,0,李淑华,2022-09-10 15:30:41
2200446,武伟,女,高二_4,1,0,谢莹,2022-09-10 15:30:41
2101209,赵飞,女,高一_12,1,0,于慧,2022-09-10 15:30:41
2112622,李平,男,高一_26,1,1,严桂芝,2022-09-10 15:30:41
2110404,班博,男,高一_4,0,0,俞磊,2022-09-10 15:30:41
2302020,张畅,女,高三_20,1,1,曹峰,2022-09-10 15:30:41
2100145,张云,女,高一_1,0,1,杨秀珍,2022-09-10 15:30:41
2102118,解桂珍,女,高一_21,0,0,许成,2022-09-10 15:30:41
2110528,吕畅,男,高一_5,1,0,石磊,2022-09-10 15:30:41
2202642,韦秀荣,女,高二_26,0,1,张玉珍,2022-09-10 15:30:41
2201318,夏兰英,女,高二_13,0,0,刘莉,2022-09-10 15:30:41
2202322,林洁,女,高二_23,0,1,贺红梅,2022-09-10 15:30:41
2311526,卢建,男,高三_15,0,1,冯晨,2022-09-10 15:30:41
2300231,黄婷,女,高三_2,0,1,秦杨,2022-09-10 15:30:41
2211828,周杨,男,高二_18,0,0,蒋建军,2022-09-10 15:30:41
2300335,王玉珍,女,高三_3,1,1,余桂珍,2022-09-10 15:30:41
2211330,张波,男,高二_13,0,1,朱柳,2022-09-10 15:30:41
2111247,马坤,男,高一_12,0,0,赵莹,2022-09-10 15:30:41
2111941,殷兵,男,高一_19,0,0,陆强,2022-09-10 15:30:41
2312320,唐勇,男,高三_23,1,1,赵宁,2022-09-10 15:30:41
2300517,韩超,女,高三_5,1,1,朱涛,2022-09-10 15:30:41
2302443,李志强,女,高三_24,0,1,刘飞,2022-09-10 15:30:41
2111211,叶文,男,高一_12,0,0,林亮,2022-09-10 15:30:41
2111925,李博,男,高一_19,1,1,王燕,2022-09-10 15:30:41
2312049,熊琳,男,高三_20,0,1,赵婷,2022-09-10 15:30:41
2201305,刘颖,女,高二_13,0,1,赵涛,2022-09-10 15:30:41
2300939,国峰,女,高三_9,1,0,杨建,2022-09-10 15:30:41
2310710,杨艳,男,高三_7,1,1,陶玉兰,2022-09-10 15:30:41
2201116,杨东,女,高二_11,0,0,丁利,2022-09-10 15:30:41
2101213,刘娜,女,高一_12,0,0,熊玉,2022-09-10 15:30:41
2200932,刘涛,女,高二_9,1,0,徐刚,2022-09-10 15:30:41
2110223,李霞,男,高一_2,0,1,李建平,2022-09-10 15:30:41
2311137,陈婷,男,高三_11,0,1,吴秀英,2022-09-10 15:30:41
2111405,杨玲,男,高一_14,1,1,高桂珍,2022-09-10 15:30:41
2311528,陈萍,男,高三_15,0,0,张岩,2022-09-10 15:30:41
2212507,贺成,男,高二_25,0,0,张龙,2022-09-10 15:30:41
2110325,应明,男,高一_3,0,0,张丹,2022-09-10 15:30:41
2301942,林桂花,女,高三_19,0,0,曹瑞,2022-09-10 15:30:41
2311418,俞霞,男,高三_14,1,0,刘丽娟,2022-09-10 15:30:41
2102110,杨强,女,高一_21,0,0,郑佳,2022-09-10 15:30:41
2302621,任瑜,女,高三_26,1,0,李桂芳,2022-09-10 15:30:41
2210538,黄洋,男,高二_5,1,1,傅飞,2022-09-10 15:30:41
2300447,李楠,女,高三_4,0,1,刘建军,2022-09-10 15:30:41
2301336,郎文,女,高三_13,0,1,宗雷,2022-09-10 15:30:41
2300202,商斌,女,高三_2,0,0,任凤兰,2022-09-10 15:30:41
2301514,苏慧,女,高三_15,1,1,文宁,2022-09-10 15:30:41
2210949,张梅,男,高二_9,1,0,侯玉珍,2022-09-10 15:30:41
2301901,刘建国,女,高三_19,1,1,黄秀珍,2022-09-10 15:30:41
2200713,鞠颖,女,高二_7,0,1,颜帅,2022-09-10 15:30:41
2111905,郭桂芝,男,高一_19,1,1,涂秀芳,2022-09-10 15:30:41
2100529,魏云,女,高一_5,0,0,霍淑英,2022-09-10 15:30:41
2211043,杨楠,男,高二_10,1,0,李秀兰,2022-09-10 15:30:41
2210830,尹强,男,高二_8,1,1,龙艳,2022-09-10 15:30:41
2200821,龚岩,女,高二_8,1,1,傅桂芳,2022-09-10 15:30:41
2110126,尹秀云,男,高一_1,0,1,曹桂兰,2022-09-10 15:30:41
2310743,钱凤英,男,高三_7,0,0,王彬,2022-09-10 15:30:41
2302326,唐海燕,女,高三_23,0,0,王晶,2022-09-10 15:30:41
2301142,李岩,女,高三_11,0,0,冯宁,2022-09-10 15:30:41
2112549,罗梅,男,高一_25,1,1,陈勇,2022-09-10 15:30:41
2302209,艾帅,女,高三_22,1,1,李秀荣,2022-09-10 15:30:41
2102524,陈晶,女,高一_25,0,1,王刚,2022-09-10 15:30:41
2200214,孙林,女,高二_2,1,0,田艳,2022-09-10 15:30:41
2311318,陈桂芳,男,高三_13,0,1,刘玉,2022-09-10 15:30:41
2312425,项建华,男,高三_24,0,0,鲁建,2022-09-10 15:30:41
2200506,王静,女,高二_5,1,0,严建华,2022-09-10 15:30:41
2310713,罗荣,男,高三_7,0,0,王健,2022-09-10 15:30:41
2101550,张华,女,高一_15,0,0,孙飞,2022-09-10 15:30:41
2110126,张磊,男,高一_1,0,0,张丽华,2022-09-10 15:30:41
2301634,李杨,女,高三_16,1,0,曾璐,2022-09-10 15:30:41
2301347,尹宇,女,高三_13,1,1,傅斌,2022-09-10 15:30:41
2302606,白英,女,高三_26,1,0,廖宁,2022-09-10 15:30:41
2201937,易旭,女,高二_19,0,0,吴畅,2022-09-10 15:30:41
2100409,俞璐,女,高一_4,0,1,吴淑珍,2022-09-10 15:30:41
2111248,牛海燕,男,高一_12,1,0,李宁,2022-09-10 15:30:41
2101303,罗彬,女,高一_13,0,1,阿淑兰,2022-09-10 15:30:41
2210320,刁小红,男,高二_3,1,0,王慧,2022-09-10 15:30:41
2101925,崔瑞,女,高一_19,1,1,钟燕,2022-09-10 15:30:41
2301239,李桂珍,女,高三_12,0,1,王璐,2022-09-10 15:30:41
2200750,张亮,女,高二_7,0,0,柳莉,2022-09-10 15:30:41
2101546,张秀兰,女,高一_15,0,0,李平,2022-09-10 15:30:41
2101501,杨东,女,高一_15,1,1,庞秀珍,2022-09-10 15:30:41
2111825,许丹丹,男,高一_18,0,1,黄东,2022-09-10 15:30:41
2112421,王婷婷,男,高一_24,0,0,简俊,2022-09-10 15:30:41
2100527,文宁,女,高一_5,1,0,李岩,2022-09-10 15:30:41
2111828,周秀芳,男,高一_18,0,1,庄雪,2022-09-10 15:30:41
2102338,宋萍,女,高一_23,1,1,黄萍,2022-09-10 15:30:41
2300802,雷桂荣,女,高三_8,0,0,张洋,2022-09-10 15:30:41
2210748,杨刚,男,高二_7,1,0,颜伟,2022-09-10 15:30:41
2311730,李桂芳,男,高三_17,1,1,李建华,2022-09-10 15:30:41
2112242,张英,男,高一_22,1,1,刘丽丽,2022-09-10 15:30:41
2202414,李红梅,女,高二_24,0,0,马秀云,2022-09-10 15:30:41
2311635,杨秀芳,男,高三_16,0,1,张辉,2022-09-10 15:30:41
2312617,刘丽丽,男,高三_26,0,0,杨淑英,2022-09-10 15:30:41
2310211,杨雪梅,男,高三_2,1,0,陈梅,2022-09-10 15:30:41
2100135,吴凤英,女,高一_1,0,1,黄红,2022-09-10 15:30:41
2202149,朱静,女,高二_21,1,1,颜雪,2022-09-10 15:30:41
2211839,王秀华,男,高二_18,0,0,吕文,2022-09-10 15:30:41
2212406,李杨,男,高二_24,0,1,刘鑫,2022-09-10 15:30:41
2200203,杜阳,女,高二_2,0,1,强桂兰,2022-09-10 15:30:41
2102628,何浩,女,高一_26,0,1,漆冬梅,2022-09-10 15:30:41
2201312,钟敏,女,高二_13,1,1,张坤,2022-09-10 15:30:41
2301142,张磊,女,高三_11,0,0,宋伟,2022-09-10 15:30:41
2301219,郝敏,女,高三_12,0,1,杨波,2022-09-10 15:30:41
2311537,李燕,男,高三_15,1,1,李艳,2022-09-10 15:30:41
2202146,许艳,女,高二_21,0,0,沈桂珍,2022-09-10 15:30:41
2112514,黄玉梅,男,高一_25,1,0,庄东,2022-09-10 15:30:41
2110938,李凯,男,高一_9,0,0,徐鹏,2022-09-10 15:30:41
2101212,程军,女,高一_12,1,0,程柳,2022-09-10 15:30:41
2301405,陈淑珍,女,高三_14,0,0,贺刚,2022-09-10 15:30:41
2302304,尹玉英,女,高三_23,0,0,叶欣,2022-09-10 15:30:41
2111721,孙鹏,男,高一_17,1,1,李强,2022-09-10 15:30:41
2102623,李明,女,高一_26,1,0,李洁,2022-09-10 15:30:41
2111827,萧强,男,高一_18,0,1,郭想,2022-09-10 15:30:41
2210346,郑瑞,男,高二_3,1,0,杨秀芳,2022-09-10 15:30:41
2311820,刘鑫,男,高三_18,0,1,戴刚,2022-09-10 15:30:41
2212443,马红梅,男,高二_24,1,1,胡凤英,2022-09-10 15:30:41
2212109,孙英,男,高二_21,0,1,陈秀英,2022-09-10 15:30:41
2301933,谢丽娟,女,高三_19,0,0,曹桂香,2022-09-10 15:30:41
2311318,杨建华,男,高三_13,1,1,申涛,2022-09-10 15:30:41
2102036,王飞,女,高一_20,1,0,郑玉珍,2022-09-10 15:30:41
2212521,赵英,男,高二_25,0,0,单瑞,2022-09-10 15:30:41
2102505,贺成,女,高一_25,1,0,蔡俊,2022-09-10 15:30:41
2311707,黄慧,男,高三_17,0,0,黄华,2022-09-10 15:30:41
2201517,周芳,女,高二_15,0,0,龚晨,2022-09-10 15:30:41
2302206,奚磊,女,高三_22,0,0,张桂香,2022-09-10 15:30:41
2101344,李桂花,女,高一_13,1,0,杨凯,2022-09-10 15:30:41
2211635,彭玉,男,高二_16,1,0,李云,2022-09-10 15:30:41
2111909,任涛,男,高一_19,0,1,莫红,2022-09-10 15:30:41
2100722,陈东,女,高一_7,0,1,刘伟,2022-09-10 15:30:41
2210529,廖丽华,男,高二_5,0,0,张旭,2022-09-10 15:30:41
2311947,张秀梅,男,高三_19,1,1,龚雪梅,2022-09-10 15:30:41
2212412,王晶,男,高二_24,0,0,李雪,2022-09-10 15:30:41
2201945,郝文,女,高二_19,1,1,张桂芝,2022-09-10 15:30:41
2310230,张志强,男,高三_2,0,1,李健,2022-09-10 15:30:41
2202232,罗瑜,女,高二_22,1,0,郭海燕,2022-09-10 15:30:41
2101611,张倩,女,高一_16,0,0,姜飞,2022-09-10 15:30:41
2302611,孙飞,女,高三_26,1,1,谢彬,2022-09-10 15:30:41
2310221,石婷婷,男,高三_2,0,1,齐旭,2022-09-10 15:30:41
2110420,洪洋,男,高一_4,1,0,符秀珍,2022-09-10 15:30:41
2100818,尚强,女,高一_8,1,0,舒柳,2022-09-10 15:30:41
2302502,赵雪,女,高三_25,0,0,许莉,2022-09-10 15:30:41
2111233,李玲,男,高一_12,1,1,范畅,2022-09-10 15:30:41
2211302,黄华,男,高二_13,1,0,万凤英,2022-09-10 15:30:41
2111828,宋欢,男,高一_18,0,0,张坤,2022-09-10 15:30:41
2310915,马玉,男,高三_9,0,1,郭丹丹,2022-09-10 15:30:41
2100736,卿飞,女,高一_7,0,1,袁红梅,2022-09-10 15:30:41
2302634,吴霞,女,高三_26,0,0,曲霞,2022-09-10 15:30:41
2311645,黄畅,男,高三_16,0,1,张静,2022-09-10 15:30:41
2200329,冯莉,女,高二_3,0,1,汪秀荣,2022-09-10 15:30:41
2301732,刘强,女,高三_17,1,0,冯瑞,2022-09-10 15:30:41
2301507,孟利,女,高三_15,1,0,方玉珍,2022-09-10 15:30:41
2311747,曾佳,男,高三_17,0,1,关岩,2022-09-10 15:30:41
2202646,杨琴,女,高二_26,0,0,刘欢,2022-09-10 15:30:41
2301815,陈飞,女,高三_18,1,1,王凤英,2022-09-10 15:30:41
2112647,徐秀珍,男,高一_26,1,0,白波,2022-09-10 15:30:41
2210127,张洋,男,高二_1,1,0,黄丽娟,2022-09-10 15:30:41
2311701,李健,男,高三_17,1,0,蒋艳,2022-09-10 15:30:41
2102015,薛凯,女,高一_20,0,0,张兰英,2022-09-10 15:30:41
2101934,凌瑞,女,高一_19,1,1,赵玉珍,2022-09-10 15:30:41
2202024,尹艳,女,高二_20,1,1,赵桂珍,2022-09-10 15:30:41
2210539,丁萍,男,高二_5,1,1,陈雪,2022-09-10 15:30:41
2310224,游玲,男,高三_2,1,1,汤桂芳,2022-09-10 15:30:41
2112235,朱玉,男,高一_22,1,0,蒋涛,2022-09-10 15:30:41
2300744,刘建国,女,高三_7,0,0,王玉梅,2022-09-10 15:30:41
2210636,郑淑华,男,高二_6,0,1,刘芳,2022-09-10 15:30:41
2210236,黄桂珍,男,高二_2,1,1,张玲,2022-09-10 15:30:41
2201940,王帆,女,高二_19,1,1,关波,2022-09-10 15:30:41
2111148,胡建军,男,高一_11,1,1,王秀英,2022-09-10 15:30:41
2102637,王小红,女,高一_26,1,1,周丽,2022-09-10 15:30:41
2112438,陈畅,男,高一_24,1,1,张超,2022-09-10 15:30:41
2312438,辜超,男,高三_24,0,1,唐佳,2022-09-10 15:30:41
2301303,张玉梅,女,高三_13,1,0,朱云,2022-09-10 15:30:41
2100320,汪桂花,女,高一_3,1,0,何斌,2022-09-10 15:30:41
2302343,胡璐,女,高三_23,0,1,李桂花,2022-09-10 15:30:41
2210512,邓杨,男,高二_5,0,0,梁英,2022-09-10 15:30:41
2111823,魏秀芳,男,高一_18,1,0,陈娟,2022-09-10 15:30:41
2110728,李波,男,高一_7,0,0,江凤英,2022-09-10 15:30:41
2210430,傅建平,男,高二_4,1,0,叶志强,2022-09-10 15:30:41
2100128,何琴,女,高一_1,0,1,陶畅,2022-09-10 15:30:41
2102007,刘秀云,女,高一_20,1,0,倪璐,2022-09-10 15:30:41
2100725,崔桂兰,女,高一_7,1,1,王彬,2022-09-10 15:30:41
2201108,王鹏,女,高二_11,0,1,王兵,2022-09-10 15:30:41
2310310,金斌,男,高三_3,1,1,高秀兰,2022-09-10 15:30:41
2101305,刘云,女,高一_13,0,0,杜颖,2022-09-10 15:30:41
2111030,陈畅,男,高一_10,0,0,李霞,2022-09-10 15:30:41
2201110,邱峰,女,高二_11,1,1,李柳,2022-09-10 15:30:41
2210823,庞旭,男,高二_8,1,0,刘晨,2022-09-10 15:30:41
2200348,张桂珍,女,高二_3,1,1,陈萍,2022-09-10 15:30:41
2111304,戴琴,男,高一_13,1,0,王晶,2022-09-10 15:30:41
2112507,吕磊,男,高一_25,1,0,党莹,2022-09-10 15:30:41
2201920,赵鹏,女,高二_19,0,0,李峰,2022-09-10 15:30:41
2111811,邓雪梅,男,高一_18,1,0,孔丹,2022-09-10 15:30:41
2211614,蒋建华,男,高二_16,0,0,高凤英,2022-09-10 15:30:41
2211545,杨慧,男,高二_15,0,1,张雪梅,2022-09-10 15:30:41
2101016,施玉珍,女,高一_10,1,1,寇辉,2022-09-10 15:30:41
2301845,陈鑫,女,高三_18,0,1,熊桂兰,2022-09-10 15:30:41
2202542,丁建军,女,高二_25,0,0,杨琴,2022-09-10 15:30:41
2312325,马瑜,男,高三_23,0,1,裴瑜,2022-09-10 15:30:41
2211944,刘瑞,男,高二_19,1,1,王琴,2022-09-10 15:30:41
2212244,秦波,男,高二_22,0,1,宋欢,2022-09-10 15:30:41
2311626,叶宁,男,高三_16,0,1,李洋,2022-09-10 15:30:41
2101747,郎桂香,女,高一_17,0,0,廖敏,2022-09-10 15:30:41
2310423,陈玉兰,男,高三_4,0,0,尹俊,2022-09-10 15:30:41
2111524,李亮,男,高一_15,1,1,李桂香,2022-09-10 15:30:41
2110822,唐英,男,高一_8,1,1,夏秀荣,2022-09-10 15:30:41
2302427,李霞,女,高三_24,0,0,李玉华,2022-09-10 15:30:41
2301648,何璐,女,高三_16,0,1,王秀梅,2022-09-10 15:30:41
2311946,王秀荣,男,高三_19,1,1,韩飞,2022-09-10 15:30:41
2200421,邱淑珍,女,高二_4,1,1,曹丹丹,2022-09-10 15:30:41
2110813,高彬,男,高一_8,0,1,徐利,2022-09-10 15:30:41
2200416,刘玉英,女,高二_4,1,0,蔡秀兰,2022-09-10 15:30:41
2300736,梁云,女,高三_7,1,1,兰淑英,2022-09-10 15:30:41
2101336,温玉华,女,高一_13,1,1,尚桂芝,2022-09-10 15:30:41
2202532,张平,女,高二_25,0,1,汤丹丹,2022-09-10 15:30:41
2300209,卢凤英,女,高三_2,1,1,李婷婷,2022-09-10 15:30:41
2110145,赵伟,男,高一_1,0,0,王辉,2022-09-10 15:30:41
2211138,尹志强,男,高二_11,0,0,罗建华,2022-09-10 15:30:41
2302408,林雪,女,高三_24,1,1,孙柳,2022-09-10 15:30:41
2312050,周冬梅,男,高三_20,1,1,郭桂兰,2022-09-10 15:30:41
2310101,胡佳,男,高三_1,0,0,高秀云,2022-09-10 15:30:41
2210641,杨红,男,高二_6,0,1,李淑英,2022-09-10 15:30:41
2101237,陈淑英,女,高一_12,0,1,丁建,2022-09-10 15:30:41
2210613,邢阳,男,高二_6,0,1,李畅,2022-09-10 15:30:41
2312423,李莉,男,高三_24,0,0,周倩,2022-09-10 15:30:41
2100844,梁飞,女,高一_8,1,1,袁丽丽,2022-09-10 15:30:41
2100434,牛亮,女,高一_4,0,0,黄桂香,2022-09-10 15:30:41
2311839,王玉,男,高三_18,1,0,秦桂香,2022-09-10 15:30:41
2110103,王雪梅,男,高一_1,1,1,王桂兰,2022-09-10 15:30:41
2100446,梁明,女,高一_4,0,1,陈英,2022-09-10 15:30:41
2201008,宋玉英,女,高二_10,1,0,赵敏,2022-09-10 15:30:41
2301714,雷淑珍,女,高三_17,1,1,王英,2022-09-10 15:30:41
2111011,吴军,男,高一_10,1,1,许雪梅,2022-09-10 15:30:41
2212130,周彬,男,高二_21,1,1,李琳,2022-09-10 15:30:41
2102311,高辉,女,高一_23,0,0,彭倩,2022-09-10 15:30:41
2201725,权冬梅,女,高二_17,0,1,邱倩,2022-09-10 15:30:41
2300548,李云,女,高三_5,1,0,张成,2022-09-10 15:30:41
2300508,高玉梅,女,高三_5,0,0,郑凯,2022-09-10 15:30:41
2312348,王倩,男,高三_23,0,1,蓝洁,2022-09-10 15:30:41
2212401,刘凯,男,高二_24,1,0,梅凤兰,2022-09-10 15:30:41
2200626,梁丹丹,女,高二_6,0,0,马秀芳,2022-09-10 15:30:41
2300901,郑莉,女,高三_9,0,1,周洋,2022-09-10 15:30:41
2301416,覃桂芳,女,高三_14,1,0,何海燕,2022-09-10 15:30:41
2100944,张霞,女,高一_9,0,1,李鑫,2022-09-10 15:30:41
2100334,钟瑞,女,高一_3,1,0,黄桂花,2022-09-10 15:30:41
2101636,毕欣,女,高一_16,0,1,马鹏,2022-09-10 15:30:41
2100429,赵伟,女,高一_4,1,1,匡丽,2022-09-10 15:30:41
2211723,韦芳,男,高二_17,0,1,陈玉,2022-09-10 15:30:41
2212602,向斌,男,高二_26,1,1,李平,2022-09-10 15:30:41
2112034,谭博,男,高一_20,0,1,姜鹏,2022-09-10 15:30:41
2101418,郭阳,女,高一_14,0,0,周秀珍,2022-09-10 15:30:41
2310518,莫凤兰,男,高三_5,1,1,杨建平,2022-09-10 15:30:41
2301527,康旭,女,高三_15,0,0,王玲,2022-09-10 15:30:41
2100823,王坤,女,高一_8,1,0,王玉梅,2022-09-10 15:30:41
2101326,李桂花,女,高一_13,0,1,方彬,2022-09-10 15:30:41
2111115,孙莹,男,高一_11,1,0,邱雷,2022-09-10 15:30:41
2202525,李洋,女,高二_25,0,1,李梅,2022-09-10 15:30:41
2202248,张柳,女,高二_22,0,0,宋亮,2022-09-10 15:30:41
2212347,任洁,男,高二_23,1,0,曾秀梅,2022-09-10 15:30:41
2210740,尚婷,男,高二_7,1,0,王峰,2022-09-10 15:30:41
2310539,吴华,男,高三_5,0,1,任桂兰,2022-09-10 15:30:41
2211601,李玉英,男,高二_16,0,0,张俊,2022-09-10 15:30:41
2202249,朱红梅,女,高二_22,1,1,韦凤英,2022-09-10 15:30:41
2210812,李秀梅,男,高二_8,0,1,郭云,2022-09-10 15:30:41
2100517,章志强,女,高一_5,1,0,张红,2022-09-10 15:30:41
2311704,刘琴,男,高三_17,1,0,向玉英,2022-09-10 15:30:41
2311711,王博,男,高三_17,1,0,谭坤,2022-09-10 15:30:41
2210518,李秀英,男,高二_5,0,0,李璐,2022-09-10 15:30:41
2200547,王金凤,女,高二_5,1,0,何玉华,2022-09-10 15:30:41
2211826,蔡玉华,男,高二_18,0,1,杨建华,2022-09-10 15:30:41
2212129,陈宁,男,高二_21,1,0,王秀芳,2022-09-10 15:30:41
2101347,仝桂花,女,高一_13,0,0,张楠,2022-09-10 15:30:41
2101725,顾慧,女,高一_17,1,1,陈静,2022-09-10 15:30:41
2110233,李莉,男,高一_2,1,1,马雷,2022-09-10 15:30:41
2100324,杨彬,女,高一_3,0,0,温燕,2022-09-10 15:30:41
2201137,王秀芳,女,高二_11,0,1,梁晶,2022-09-10 15:30:41
2310608,陈秀兰,男,高三_6,0,0,萧坤,2022-09-10 15:30:41
2301212,雷洋,女,高三_12,0,0,汪柳,2022-09-10 15:30:41
2201143,曹帆,女,高二_11,1,1,赵小红,2022-09-10 15:30:41
2111322,邹云,男,高一_13,1,0,江娜,2022-09-10 15:30:41
2101725,马建,女,高一_17,0,1,李彬,2022-09-10 15:30:41
2100404,曾瑜,女,高一_4,1,0,陈春梅,2022-09-10 15:30:41
2302024,陈俊,女,高三_20,1,0,袁凤英,2022-09-10 15:30:41
2211131,陈斌,男,高二_11,1,1,王玉,2022-09-10 15:30:41
2210724,王飞,男,高二_7,0,0,张伟,2022-09-10 15:30:41
2311212,林雪梅,男,高三_12,0,1,郑桂英,2022-09-10 15:30:41
2210139,侯军,男,高二_1,0,0,揭雪,2022-09-10 15:30:41
2202006,臧鑫,女,高二_20,0,0,倪利,2022-09-10 15:30:41
2101524,刘荣,女,高一_15,0,1,张芳,2022-09-10 15:30:41
2301910,曾桂荣,女,高三_19,1,1,陈娟,2022-09-10 15:30:41
2201932,黄飞,女,高二_19,1,0,何利,2022-09-10 15:30:41
2100737,马桂英,女,高一_7,0,1,曹浩,2022-09-10 15:30:41
2100843,张雷,女,高一_8,1,0,郭峰,2022-09-10 15:30:41
2102643,韦帅,女,高一_26,1,0,倪英,2022-09-10 15:30:41
2101911,袁杰,女,高一_19,1,1,赵淑珍,2022-09-10 15:30:41
2301530,冯玲,女,高三_15,0,0,谢婷,2022-09-10 15:30:41
2201022,唐荣,女,高二_10,1,0,刘宁,2022-09-10 15:30:41
2301748,汤俊,女,高三_17,1,1,王秀芳,2022-09-10 15:30:41
2110545,徐玉华,男,高一_5,0,1,杨婷婷,2022-09-10 15:30:41
2111049,冷文,男,高一_10,1,0,甘军,2022-09-10 15:30:41
2200637,浦波,女,高二_6,1,1,龙凤兰,2022-09-10 15:30:41
2202602,卢敏,女,高二_26,0,1,鞠志强,2022-09-10 15:30:41
2201807,赖琴,女,高二_18,0,1,朱秀梅,2022-09-10 15:30:41
2302248,王桂珍,女,高三_22,1,1,王丽,2022-09-10 15:30:41
2310208,贺丹,男,高三_2,1,1,周娟,2022-09-10 15:30:41
2102546,韩建军,女,高一_25,1,1,夏峰,2022-09-10 15:30:41
2211707,厉英,男,高二_17,1,1,熊红霞,2022-09-10 15:30:41
2100508,邓娟,女,高一_5,1,0,林婷婷,2022-09-10 15:30:41
2300204,黄俊,女,高三_2,1,0,宋玉珍,2022-09-10 15:30:41
2101726,罗兰英,女,高一_17,0,1,叶英,2022-09-10 15:30:41
2200426,王倩,女,高二_4,0,0,晁岩,2022-09-10 15:30:41
2101044,刘峰,女,高一_10,1,1,刘海燕,2022-09-10 15:30:41
2210441,高刚,男,高二_4,0,0,杜慧,2022-09-10 15:30:41
2311309,王淑华,男,高三_13,1,0,陈飞,2022-09-10 15:30:41
2111944,邱坤,男,高一_19,0,1,巩柳,2022-09-10 15:30:41
2310609,张小红,男,高三_6,0,1,吕丽丽,2022-09-10 15:30:41
2111837,舒琳,男,高一_18,0,0,王雪梅,2022-09-10 15:30:41
2310923,邢秀云,男,高三_9,1,1,林静,2022-09-10 15:30:41
2100518,徐雷,女,高一_5,0,0,唐旭,2022-09-10 15:30:41
2110140,马玉梅,男,高一_1,0,1,张阳,2022-09-10 15:30:41
2202513,何秀珍,女,高二_25,0,1,陈畅,2022-09-10 15:30:41
2211238,柳娟,男,高二_12,0,0,黄红梅,2022-09-10 15:30:41
2201516,蓝莉,女,高二_15,1,1,刘杨,2022-09-10 15:30:41
2212405,王海燕,男,高二_24,1,1,陈玉梅,2022-09-10 15:30:41
2201532,王桂荣,女,高二_15,0,1,孙淑英,2022-09-10 15:30:41
2110430,李桂花,男,高一_4,1,0,吴峰,2022-09-10 15:30:41
2202232,田丽华,女,高二_22,0,0,刘志强,2022-09-10 15:30:41
2211517,崔鑫,男,高二_15,1,1,周春梅,2022-09-10 15:30:41
2201025,周淑英,女,高二_10,1,1,余冬梅,2022-09-10 15:30:41
2200802,李杰,女,高二_8,1,1,何玉华,2022-09-10 15:30:41
2201023,张凤英,女,高二_10,1,1,邢玉梅,2022-09-10 15:30:41
2111247,朱建军,男,高一_12,1,0,范辉,2022-09-10 15:30:41
2210844,温丹,男,高二_8,0,0,杨英,2022-09-10 15:30:41
2310704,张静,男,高三_7,1,1,苏想,2022-09-10 15:30:41
2101918,姚霞,女,高一_19,0,0,耿丹,2022-09-10 15:30:41
2210326,孙阳,男,高二_3,1,1,郭健,2022-09-10 15:30:41
2301935,刘玉珍,女,高三_19,1,0,李强,2022-09-10 15:30:41
2211629,戴倩,男,高二_16,0,0,王霞,2022-09-10 15:30:41
2211350,杨龙,男,高二_13,1,0,李帆,2022-09-10 15:30:41
2101942,涂霞,女,高一_19,1,1,杨颖,2022-09-10 15:30:41
2211804,屈建华,男,高二_18,1,0,覃娜,2022-09-10 15:30:41
2301301,陈艳,女,高三_13,0,0,陈畅,2022-09-10 15:30:41
2111742,夏淑珍,男,高一_17,1,1,裴玉英,2022-09-10 15:30:41
2201518,朱丽丽,女,高二_15,0,1,吴红梅,2022-09-10 15:30:41
2301427,苑丽丽,女,高三_14,0,0,葛梅,2022-09-10 15:30:41
2301710,吴芳,女,高三_17,0,1,何健,2022-09-10 15:30:41
2210708,徐超,男,高二_7,0,1,牛淑珍,2022-09-10 15:30:41
2312648,朱玉英,男,高三_26,0,0,申璐,2022-09-10 15:30:41
2202113,崔欢,女,高二_21,1,0,缪刚,2022-09-10 15:30:41
2110837,杨丽华,男,高一_8,1,0,余红梅,2022-09-10 15:30:41
2101626,薄秀芳,女,高一_16,0,0,李秀兰,2022-09-10 15:30:41
2310117,刘晶,男,高三_1,0,1,周彬,2022-09-10 15:30:41
2100603,赵东,女,高一_6,0,0,吴秀梅,2022-09-10 15:30:41
2110918,杨海燕,男,高一_9,0,0,陆琴,2022-09-10 15:30:41
2310513,荆勇,男,高三_5,0,1,彭峰,2022-09-10 15:30:41
2212629,杜丹丹,男,高二_26,0,0,鞠明,2022-09-10 15:30:41
2310211,游娟,男,高三_2,0,0,宋强,2022-09-10 15:30:41
2311232,简东,男,高三_12,1,0,赵勇,2022-09-10 15:30:41
2210916,胡建平,男,高二_9,0,0,赖秀荣,2022-09-10 15:30:41
2210139,程佳,男,高二_1,1,0,牟桂芝,2022-09-10 15:30:41
2312304,葛勇,男,高三_23,1,0,齐博,2022-09-10 15:30:41
2300208,钟晶,女,高三_2,1,1,李鑫,2022-09-10 15:30:41
2212436,张斌,男,高二_24,0,1,葛婷,2022-09-10 15:30:41
2101842,刘磊,女,高一_18,1,1,唐帅,2022-09-10 15:30:41
2302129,王小红,女,高三_21,1,0,罗刚,2022-09-10 15:30:41
2102604,王涛,女,高一_26,0,0,陈桂芝,2022-09-10 15:30:41
2111703,孙宇,男,高一_17,1,1,宋浩,2022-09-10 15:30:41
2201535,杜彬,女,高二_15,1,0,王秀云,2022-09-10 15:30:41
2212547,秦秀芳,男,高二_25,0,1,江莉,2022-09-10 15:30:41
2211814,梁桂荣,男,高二_18,1,1,袁淑华,2022-09-10 15:30:41
2201811,李凤英,女,高二_18,0,1,朱敏,2022-09-10 15:30:41
2101241,张桂花,女,高一_12,0,0,祝秀英,2022-09-10 15:30:41
2112440,舒敏,男,高一_24,0,0,蒋亮,2022-09-10 15:30:41
2201642,薛霞,女,高二_16,0,1,唐静,2022-09-10 15:30:41
2102538,何玉英,女,高一_25,0,0,翁鹏,2022-09-10 15:30:41
2200929,吕玉,女,高二_9,0,1,王瑞,2022-09-10 15:30:41
2200811,阳秀荣,女,高二_8,1,0,潘健,2022-09-10 15:30:41
2310644,李玉,男,高三_6,1,1,杨桂珍,2022-09-10 15:30:41
2301918,袁红霞,女,高三_19,0,1,朱秀兰,2022-09-10 15:30:41
2311814,丁博,男,高三_18,1,1,韦秀荣,2022-09-10 15:30:41
2101101,陈欣,女,高一_11,1,1,马秀荣,2022-09-10 15:30:41
2310220,简颖,男,高三_2,1,0,何瑜,2022-09-10 15:30:41
2110105,吴岩,男,高一_1,1,1,黄雪,2022-09-10 15:30:41
2312241,张冬梅,男,高三_22,0,1,张旭,2022-09-10 15:30:41
2211229,吴博,男,高二_12,0,0,王云,2022-09-10 15:30:41
2200122,张淑英,女,高二_1,0,0,贺洋,2022-09-10 15:30:41
2102207,王洋,女,高一_22,0,0,梁婷婷,2022-09-10 15:30:41
2300802,方霞,女,高三_8,1,1,李桂香,2022-09-10 15:30:41
2311625,常兰英,男,高三_16,0,0,龚云,2022-09-10 15:30:41
2300115,鲍飞,女,高三_1,0,0,麦东,2022-09-10 15:30:41
2202112,顾瑞,女,高二_21,0,0,全娟,2022-09-10 15:30:41
2110129,沈龙,男,高一_1,0,1,郭峰,2022-09-10 15:30:41
2102140,王红霞,女,高一_21,1,0,张淑兰,2022-09-10 15:30:41
2312631,蔡荣,男,高三_26,1,1,王晨,2022-09-10 15:30:41
2211426,李东,男,高二_14,1,1,牛淑兰,2022-09-10 15:30:41
2311830,李淑珍,男,高三_18,1,1,刘文,2022-09-10 15:30:41
2311441,郑秀华,男,高三_14,0,1,江玉华,2022-09-10 15:30:41
2111637,袁秀华,男,高一_16,1,1,张玉兰,2022-09-10 15:30:41
2100514,杨慧,女,高一_5,0,1,陈彬,2022-09-10 15:30:41
2111639,何利,男,高一_16,0,1,谢华,2022-09-10 15:30:41
2200823,秦帆,女,高二_8,1,0,王彬,2022-09-10 15:30:41
2200205,蔡利,女,高二_2,0,1,张丽,2022-09-10 15:30:41
2311841,刘成,男,高三_18,1,0,张琳,2022-09-10 15:30:41
2301130,黄桂珍,女,高三_11,0,1,陈鹏,2022-09-10 15:30:41
2311136,苏红梅,男,高三_11,1,1,邱凯,2022-09-10 15:30:41
2201325,黄秀芳,女,高二_13,0,0,孙丽华,2022-09-10 15:30:41
2201022,龚帆,女,高二_10,1,0,韩玉英,2022-09-10 15:30:41
2301736,陈秀梅,女,高三_17,0,1,潘建平,2022-09-10 15:30:41
2110138,陈亮,男,高一_1,0,1,艾淑华,2022-09-10 15:30:41
2111245,刘冬梅,男,高一_12,1,1,王雷,2022-09-10 15:30:41
2310130,贺强,男,高三_1,0,0,张想,2022-09-10 15:30:41
2211247,杨强,男,高二_12,0,0,王帆,2022-09-10 15:30:41
2211017,韩萍,男,高二_10,0,0,张瑜,2022-09-10 15:30:41
2212417,李峰,男,高二_24,1,0,秦春梅,2022-09-10 15:30:41
2311831,欧畅,男,高三_18,1,1,范博,2022-09-10 15:30:41
2201124,陈帆,女,高二_11,1,0,周淑珍,2022-09-10 15:30:41
2200819,李莹,女,高二_8,0,1,游秀云,2022-09-10 15:30:41
2102317,袁东,女,高一_23,1,0,房梅,2022-09-10 15:30:41
2201940,龚旭,女,高二_19,0,1,赖淑英,2022-09-10 15:30:41
2211730,张倩,男,高二_17,0,0,黄晶,2022-09-10 15:30:41
2311205,李桂芝,男,高三_12,0,0,胡婷,2022-09-10 15:30:41
2100810,吴旭,女,高一_8,0,0,胡凤英,2022-09-10 15:30:41
2200624,陈雷,女,高二_6,1,0,高艳,2022-09-10 15:30:41
2200324,郭丹,女,高二_3,1,1,杨丽华,2022-09-10 15:30:41
2100522,王玲,女,高一_5,0,1,周磊,2022-09-10 15:30:41
2200404,李楠,女,高二_4,0,1,杜勇,2022-09-10 15:30:41
2111015,莫婷婷,男,高一_10,0,1,洪东,2022-09-10 15:30:41
2301934,孙彬,女,高三_19,1,0,蒋杨,2022-09-10 15:30:41
2210413,刘飞,男,高二_4,1,1,叶涛,2022-09-10 15:30:41
2102044,赵畅,女,高一_20,1,0,张琳,2022-09-10 15:30:41
2112108,毛桂英,男,高一_21,0,0,曹丹丹,2022-09-10 15:30:41
2211701,胡婷,男,高二_17,1,1,朱涛,2022-09-10 15:30:41
2301314,袁涛,女,高三_13,1,0,王丽,2022-09-10 15:30:41
2300439,陆兵,女,高三_4,0,0,彭建,2022-09-10 15:30:41
2100907,李建国,女,高一_9,0,1,李荣,2022-09-10 15:30:41
2210838,文林,男,高二_8,0,0,雷晨,2022-09-10 15:30:41
2212339,孙梅,男,高二_23,0,1,陈建军,2022-09-10 15:30:41
2202501,吴鹏,女,高二_25,0,1,高瑞,2022-09-10 15:30:41
2210704,袁建国,男,高二_7,1,1,江丽,2022-09-10 15:30:41
2310714,曹婷婷,男,高三_7,1,1,董敏,2022-09-10 15:30:41
2310841,曾平,男,高三_8,1,1,赵桂芝,2022-09-10 15:30:41
2112025,李冬梅,男,高一_20,1,1,林佳,2022-09-10 15:30:41
2101024,刘旭,女,高一_10,0,1,崔斌,2022-09-10 15:30:41
2110840,陈桂荣,男,高一_8,0,1,黎晨,2022-09-10 15:30:41
2311433,杨雪,男,高三_14,0,0,陈凤兰,2022-09-10 15:30:41
2300535,张鹏,女,高三_5,1,0,费红梅,2022-09-10 15:30:41
2111943,李雪,男,高一_19,0,1,文飞,2022-09-10 15:30:41
2311345,周芳,男,高三_13,0,1,林瑜,2022-09-10 15:30:41
2310701,涂帆,男,高三_7,0,0,程玉英,2022-09-10 15:30:41
2100307,易艳,女,高一_3,1,0,赵建国,2022-09-10 15:30:41
2100337,陈瑞,女,高一_3,0,0,张丹丹,2022-09-10 15:30:41
2311034,颜婷婷,男,高三_10,1,0,李雷,2022-09-10 15:30:41
2201829,高娜,女,高二_18,1,0,李玲,2022-09-10 15:30:41
2110235,高梅,男,高一_2,1,0,冯宇,2022-09-10 15:30:41
2201741,刘平,女,高二_17,0,1,吕丽丽,2022-09-10 15:30:41
2210109,李敏,男,高二_1,1,1,安宁,2022-09-10 15:30:41
2211023,王梅,男,高二_10,1,1,朱帅,2022-09-10 15:30:41
2100719,刘秀梅,女,高一_7,0,0,张玲,2022-09-10 15:30:41
2312004,李丽丽,男,高三_20,1,0,雷红霞,2022-09-10 15:30:41
2212315,石凯,男,高二_23,0,1,骆晶,2022-09-10 15:30:41
2200602,朱玉华,女,高二_6,0,0,郭玉珍,2022-09-10 15:30:41
2101008,周芳,女,高一_10,0,1,符健,2022-09-10 15:30:41
2112305,李萍,男,高一_23,0,1,郭瑞,2022-09-10 15:30:41
2112631,陈建,男,高一_26,1,0,单坤,2022-09-10 15:30:41
2311444,赖秀兰,男,高三_14,1,1,王玉,2022-09-10 15:30:41
2311604,石欢,男,高三_16,0,0,潘彬,2022-09-10 15:30:41
2110730,廖小红,男,高一_7,0,1,谢艳,2022-09-10 15:30:41
2202513,王倩,女,高二_25,1,1,张旭,2022-09-10 15:30:41
2102026,刘玲,女,高一_20,0,1,赵兵,2022-09-10 15:30:41
2302033,刘娟,女,高三_20,1,0,张倩,2022-09-10 15:30:41
2310824,季霞,男,高三_8,0,0,许岩,2022-09-10 15:30:41
2100703,王桂荣,女,高一_7,0,1,徐杨,2022-09-10 15:30:41
2210616,王晨,男,高二_6,1,1,冼燕,2022-09-10 15:30:41
2311349,马丽华,男,高三_13,0,1,伍飞,2022-09-10 15:30:41
2111136,赵海燕,男,高一_11,0,1,高桂芳,2022-09-10 15:30:41
2110418,李坤,男,高一_4,0,0,王瑞,2022-09-10 15:30:41
2300523,樊飞,女,高三_5,1,1,张玉英,2022-09-10 15:30:41
2101405,汪桂芝,女,高一_14,0,1,王想,2022-09-10 15:30:41
2110335,黄倩,男,高一_3,0,0,韩建国,2022-09-10 15:30:41
2101805,何文,女,高一_18,0,0,谢帆,2022-09-10 15:30:41
2212230,宋桂兰,男,高二_22,0,0,姜淑华,2022-09-10 15:30:41
2210940,李敏,男,高二_9,1,0,陈丽,2022-09-10 15:30:41
2300507,王金凤,女,高三_5,1,0,曾芳,2022-09-10 15:30:41
2211934,董鑫,男,高二_19,0,0,黄玲,2022-09-10 15:30:41
2110447,张桂花,男,高一_4,1,0,时雪梅,2022-09-10 15:30:41
2210842,柳勇,男,高二_8,0,0,邓娟,2022-09-10 15:30:41
2312636,赵坤,男,高三_26,1,1,陈桂香,2022-09-10 15:30:41
2112215,王淑英,男,高一_22,1,1,庄波,2022-09-10 15:30:41
2200110,萧桂香,女,高二_1,1,1,许雪梅,2022-09-10 15:30:41
2210228,汤桂荣,男,高二_2,1,0,姜秀云,2022-09-10 15:30:41
2111130,李秀英,男,高一_11,0,0,王桂英,2022-09-10 15:30:41
2311505,靳磊,男,高三_15,1,0,侯坤,2022-09-10 15:30:41
2301901,何柳,女,高三_19,1,0,萧桂芝,2022-09-10 15:30:41
2102038,沈洋,女,高一_20,0,0,袁玉,2022-09-10 15:30:41
2101123,毛雪梅,女,高一_11,0,1,张桂荣,2022-09-10 15:30:41
2310804,胡婷,男,高三_8,0,0,胡冬梅,2022-09-10 15:30:41
2201703,王丹丹,女,高二_17,1,1,阎丹,2022-09-10 15:30:41
2310633,陈丹丹,男,高三_6,1,1,冯玉珍,2022-09-10 15:30:41
2100127,谢桂芳,女,高一_1,0,1,庞鑫,2022-09-10 15:30:41
2111538,范龙,男,高一_15,0,0,杜云,2022-09-10 15:30:41
2211343,杨海燕,男,高二_13,0,0,张丽,2022-09-10 15:30:41
2210436,杨淑兰,男,高二_4,1,0,谢林,2022-09-10 15:30:41
2111936,周琴,男,高一_19,0,0,高婷婷,2022-09-10 15:30:41
2101238,孙芳,女,高一_12,0,0,倪桂珍,2022-09-10 15:30:41
2212450,姚宁,男,高二_24,1,0,陈桂荣,2022-09-10 15:30:41
2101941,张帅,女,高一_19,1,0,周金凤,2022-09-10 15:30:41
2200912,鲁彬,女,高二_9,1,0,王雪梅,2022-09-10 15:30:41
2311135,王秀华,男,高三_11,1,0,宋刚,2022-09-10 15:30:41
2111609,许宇,男,高一_16,1,0,周鹏,2022-09-10 15:30:41
2211212,马玉,男,高二_12,0,0,唐玲,2022-09-10 15:30:41
2100642,洪丽丽,女,高一_6,1,1,汪云,2022-09-10 15:30:41
2201849,郭秀华,女,高二_18,1,0,李慧,2022-09-10 15:30:41
2101042,曹娟,女,高一_10,0,1,刘萍,2022-09-10 15:30:41
2110724,谢凯,男,高一_7,1,0,王阳,2022-09-10 15:30:41
2301230,袁丹,女,高三_12,0,1,夏秀梅,2022-09-10 15:30:41
2312148,刘雷,男,高三_21,1,0,马燕,2022-09-10 15:30:41
2101134,柴桂花,女,高一_11,1,0,李琳,2022-09-10 15:30:41
2202225,王桂英,女,高二_22,0,1,刘峰,2022-09-10 15:30:41
2310306,黄洋,男,高三_3,0,0,谭平,2022-09-10 15:30:41
2302040,张波,女,高三_20,1,1,李霞,2022-09-10 15:30:41
2301722,李利,女,高三_17,1,0,容颖,2022-09-10 15:30:41
2202602,齐英,女,高二_26,1,0,李宇,2022-09-10 15:30:41
2210348,袁小红,男,高二_3,1,0,江金凤,2022-09-10 15:30:41
